ProductName,Category,Brand,UnitPrice
Sheets,Outdoor & Garden,FakeUrbanGlow,964
Fan,Home & Furniture,FakeEtherealEdge,239
Water Bottle,Toys & Games,FakeZenithStyle,627
Bed,Kitchen & Dining,FakeUrbanGlow,863
Volleyball,Home Appliances,FakeVelvetVista,994
Fitness Tracker,Pets,FakeLuxeAura,939
Plant Pot,Arts & Crafts,FakeVelvetVista,483
Water Filter,Toys & Games,FakeUrbanGlow,250
Fishing Rod,Health & Fitness,FakeLuxeAura,801
Monitor,Sports & Recreation,FakeVelvetVista,695
Flashlight,Home & Furniture,FakeVelvetVista,956
Tent,Kitchen & Dining,FakeUrbanGlow,841
Water Bottle,Home & Furniture,FakeVelvetVista,448
Coffee Maker,Arts & Crafts,FakeZenithStyle,765
Pet Bed,Electronics,FakeEtherealEdge,774
Life Jacket,Home & Furniture,FakeVelvetVista,787
Ski Goggles,Home Appliances,FakeUrbanGlow,339
Dumbbells,Home Appliances,FakeUrbanGlow,549
Pet Bed,Health & Fitness,FakeVelvetVista,822
Glasses,Outdoor & Garden,FakeEtherealEdge,839
Snow Shovel,Sports & Recreation,FakeLuxeAura,487
Electric Scooter,Sports & Recreation,FakeLuxeAura,894
Dehumidifier,Pets,FakeVelvetVista,757
3D Printer,Pets,FakeZenithStyle,423
Craft Kit,Electronics,FakeZenithStyle,391
Action Figure,Pets,FakeLuxeAura,999
Headphones,Electronics,FakeEtherealEdge,407
Water Filter,Home Appliances,FakeEtherealEdge,270
Soccer Ball,Home & Furniture,FakeLuxeAura,245
Lawn Sprinkler,Arts & Crafts,FakeLuxeAura,780
Dog Collar,Health & Fitness,FakeLuxeAura,404
Hiking Backpack,Sports & Recreation,FakeZenithStyle,832
Bicycle,Health & Fitness,FakeLuxeAura,493
Dehumidifier,Outdoor & Garden,FakeEtherealEdge,579
Sheets,Electronics,FakeLuxeAura,587
Smart Light,Outdoor & Garden,FakeVelvetVista,391
Aquarium,Sports & Recreation,FakeEtherealEdge,628
Bed,Pets,FakeVelvetVista,262
Toy Car,Home & Furniture,FakeVelvetVista,443
Fan,Outdoor & Garden,FakeEtherealEdge,588
Fire Pit,Sports & Recreation,FakeZenithStyle,194
Jacket,Kitchen & Dining,FakeLuxeAura,993
Supplement,Arts & Crafts,FakeUrbanGlow,528
Sleeping Bag,Electronics,FakeZenithStyle,364
Portable Charger,Kitchen & Dining,FakeEtherealEdge,747
Jacket,Home Appliances,FakeLuxeAura,507
Tackle Box,Outdoor & Garden,FakeEtherealEdge,734
Laser Printer,Home & Furniture,FakeEtherealEdge,661
Bed,Toys & Games,FakeZenithStyle,843
Plant Pot,Arts & Crafts,FakeUrbanGlow,166
Ice Skates,Toys & Games,FakeUrbanGlow,326
Toothpaste,Home Appliances,FakeVelvetVista,221
Smartphone,Health & Fitness,FakeUrbanGlow,851
Sleeping Pad,Sports & Recreation,FakeVelvetVista,781
Tackle Box,Kitchen & Dining,FakeUrbanGlow,630
Toy Car,Health & Fitness,FakeVelvetVista,219
Antivirus,Pets,FakeLuxeAura,873
Washing Machine,Health & Fitness,FakeZenithStyle,538
Doll,Arts & Crafts,FakeVelvetVista,129
Dehumidifier,Health & Fitness,FakeZenithStyle,260
Tablet,Home Appliances,FakeVelvetVista,948
Paddleboard,Outdoor & Garden,FakeLuxeAura,679
Wi-Fi Extender,Pets,FakeZenithStyle,793
Speaker,Electronics,FakeZenithStyle,142
Art Supplies,Health & Fitness,FakeLuxeAura,300
Showerhead,Toys & Games,FakeUrbanGlow,111
Cooler,Electronics,FakeEtherealEdge,123
Backpacking Stove,Home & Furniture,FakeZenithStyle,688
Smartphone,Toys & Games,FakeEtherealEdge,183
Snorkel Gear,Sports & Recreation,FakeVelvetVista,826
Grill,Home & Furniture,FakeZenithStyle,147
Headphones,Outdoor & Garden,FakeVelvetVista,272
Camping Chair,Electronics,FakeUrbanGlow,485
Memory Card,Home Appliances,FakeUrbanGlow,337
Mattress,Health & Fitness,FakeVelvetVista,298
Earbuds,Electronics,FakeUrbanGlow,508
Ping Pong Table,Electronics,FakeZenithStyle,409
Pet Toy,Sports & Recreation,FakeZenithStyle,450
Electric Scooter,Electronics,FakeVelvetVista,759
Binoculars,Home Appliances,FakeLuxeAura,851
Tarp,Pets,FakeEtherealEdge,733
Sleeping Pad,Health & Fitness,FakeVelvetVista,123
Baseball Glove,Home & Furniture,FakeVelvetVista,127
Antivirus,Pets,FakeLuxeAura,140
Speaker,Outdoor & Garden,FakeLuxeAura,190
Tennis Racket,Health & Fitness,FakeEtherealEdge,379
Board Game,Arts & Crafts,FakeLuxeAura,677
Sheets,Toys & Games,FakeLuxeAura,198
Tent,Outdoor & Garden,FakeLuxeAura,641
Router,Toys & Games,FakeLuxeAura,213
Thermos,Electronics,FakeUrbanGlow,570
Electric Car,Home & Furniture,FakeZenithStyle,628
Water Bottle,Arts & Crafts,FakeVelvetVista,266
Showerhead,Home Appliances,FakeVelvetVista,640
Treadmill,Toys & Games,FakeUrbanGlow,553
Bluetooth Speaker,Pets,FakeVelvetVista,468
Washing Machine,Arts & Crafts,FakeVelvetVista,937
Electric Shaver,Arts & Crafts,FakeUrbanGlow,779
Camping Tent,Arts & Crafts,FakeUrbanGlow,976
Electric Toothbrush,Arts & Crafts,FakeVelvetVista,369
Electric Shaver,Outdoor & Garden,FakeUrbanGlow,510
Portable Hard Drive,Toys & Games,FakeEtherealEdge,399
Camping Tent,Toys & Games,FakeZenithStyle,360
Sled,Home Appliances,FakeVelvetVista,238
Robot Vacuum,Home Appliances,FakeVelvetVista,224
Monitor,Outdoor & Garden,FakeZenithStyle,773
Bicycle,Home & Furniture,FakeUrbanGlow,630
Toothpaste,Pets,FakeLuxeAura,917
Game Console,Home & Furniture,FakeLuxeAura,341
Surfboard,Pets,FakeEtherealEdge,237
Cat Tree,Pets,FakeUrbanGlow,709
Antivirus,Pets,FakeEtherealEdge,534
Pet Bed,Arts & Crafts,FakeVelvetVista,132
Antivirus,Pets,FakeLuxeAura,541
Game Console,Pets,FakeLuxeAura,743
Board Game,Arts & Crafts,FakeVelvetVista,836
Pet Carrier,Kitchen & Dining,FakeEtherealEdge,467
Cat Tree,Sports & Recreation,FakeUrbanGlow,762
Board Game,Toys & Games,FakeVelvetVista,915
Dog Leash,Sports & Recreation,FakeVelvetVista,459
Art Supplies,Outdoor & Garden,FakeEtherealEdge,195
Electric Kettle,Sports & Recreation,FakeVelvetVista,939
Bed,Home Appliances,FakeVelvetVista,604
Telescope,Toys & Games,FakeLuxeAura,174
Electric Scooter,Home Appliances,FakeEtherealEdge,339
Action Figure,Electronics,FakeZenithStyle,940
Smart Thermostat,Home Appliances,FakeEtherealEdge,101
Hair Dryer,Arts & Crafts,FakeEtherealEdge,154
Action Figure,Arts & Crafts,FakeZenithStyle,204
Thermos,Pets,FakeZenithStyle,446
Sled,Toys & Games,FakeUrbanGlow,255
Snow Shovel,Outdoor & Garden,FakeUrbanGlow,198
Portable Hard Drive,Sports & Recreation,FakeZenithStyle,359
Bird Feeder,Arts & Crafts,FakeEtherealEdge,165
Electric Toothbrush,Outdoor & Garden,FakeZenithStyle,339
Tent,Pets,FakeZenithStyle,649
Suitcase,Sports & Recreation,FakeVelvetVista,608
Laptop,Electronics,FakeZenithStyle,561
Water Filter,Sports & Recreation,FakeZenithStyle,451
Wi-Fi Extender,Sports & Recreation,FakeLuxeAura,170
Garden Tools,Health & Fitness,FakeLuxeAura,132
Smart Light,Health & Fitness,FakeLuxeAura,497
Helmet,Kitchen & Dining,FakeZenithStyle,637
Wi-Fi Extender,Toys & Games,FakeUrbanGlow,464
Toy Car,Sports & Recreation,FakeEtherealEdge,359
Antivirus,Sports & Recreation,FakeEtherealEdge,768
Smart Doorbell,Sports & Recreation,FakeUrbanGlow,620
Ice Skates,Health & Fitness,FakeVelvetVista,419
Home Security Camera,Sports & Recreation,FakeUrbanGlow,229
Headphones,Health & Fitness,FakeLuxeAura,808
Treadmill,Kitchen & Dining,FakeEtherealEdge,757
Keyboard,Toys & Games,FakeVelvetVista,1000
Elliptical,Home Appliances,FakeZenithStyle,989
Snorkel Gear,Toys & Games,FakeLuxeAura,559
Tackle Box,Kitchen & Dining,FakeUrbanGlow,433
Lamp,Home Appliances,FakeVelvetVista,667
Electric Scooter,Health & Fitness,FakeUrbanGlow,838
Tablet,Sports & Recreation,FakeLuxeAura,296
Printer,Outdoor & Garden,FakeEtherealEdge,835
Tent,Electronics,FakeUrbanGlow,229
Keyboard,Home Appliances,FakeUrbanGlow,237
Thermos,Toys & Games,FakeEtherealEdge,382
Ski Goggles,Outdoor & Garden,FakeLuxeAura,179
Pet Bed,Arts & Crafts,FakeLuxeAura,978
Supplement,Kitchen & Dining,FakeLuxeAura,491
Camera,Home & Furniture,FakeEtherealEdge,933
Tackle Box,Sports & Recreation,FakeVelvetVista,136
Treadmill,Toys & Games,FakeUrbanGlow,999
Showerhead,Kitchen & Dining,FakeLuxeAura,191
Outdoor Umbrella,Home & Furniture,FakeVelvetVista,348
Smart Light,Health & Fitness,FakeUrbanGlow,735
Cooler,Toys & Games,FakeZenithStyle,191
Craft Kit,Sports & Recreation,FakeEtherealEdge,509
Ping Pong Table,Pets,FakeLuxeAura,183
Home Security Camera,Home & Furniture,FakeEtherealEdge,492
Electric Scooter,Home & Furniture,FakeLuxeAura,766
Paddleboard,Outdoor & Garden,FakeZenithStyle,231
Sheets,Kitchen & Dining,FakeLuxeAura,382
Hair Dryer,Sports & Recreation,FakeUrbanGlow,128
Hiking Backpack,Toys & Games,FakeEtherealEdge,432
Garden Tools,Arts & Crafts,FakeLuxeAura,822
Bicycle,Home & Furniture,FakeZenithStyle,996
Outdoor Umbrella,Electronics,FakeVelvetVista,917
Microwave,Home Appliances,FakeEtherealEdge,211
3D Printer,Toys & Games,FakeUrbanGlow,475
Backpack,Electronics,FakeUrbanGlow,965
Electric Shaver,Home & Furniture,FakeVelvetVista,701
Speaker,Arts & Crafts,FakeVelvetVista,859
Hammock,Health & Fitness,FakeLuxeAura,544
Laser Printer,Pets,FakeEtherealEdge,645
Portable Charger,Sports & Recreation,FakeVelvetVista,744
Lamp,Pets,FakeVelvetVista,118
Dart Board,Home Appliances,FakeLuxeAura,835
Fishing Rod,Health & Fitness,FakeLuxeAura,626
Hair Dryer,Home Appliances,FakeLuxeAura,849
Toy Car,Electronics,FakeLuxeAura,208
Snorkel Gear,Kitchen & Dining,FakeVelvetVista,915
Robot Vacuum,Outdoor & Garden,FakeLuxeAura,551
Blender,Toys & Games,FakeUrbanGlow,558
Puzzle,Health & Fitness,FakeZenithStyle,667
Jacket,Home & Furniture,FakeUrbanGlow,643
Tablet,Arts & Crafts,FakeLuxeAura,388
Basketball,Toys & Games,FakeUrbanGlow,602
Speaker,Health & Fitness,FakeVelvetVista,600
Wi-Fi Extender,Kitchen & Dining,FakeLuxeAura,246
Paddleboard,Health & Fitness,FakeLuxeAura,293
Backpacking Stove,Kitchen & Dining,FakeEtherealEdge,845
Basketball,Home Appliances,FakeVelvetVista,946
Electric Car,Sports & Recreation,FakeLuxeAura,167
Smartphone,Outdoor & Garden,FakeZenithStyle,782
Dehumidifier,Electronics,FakeLuxeAura,437
Tarp,Sports & Recreation,FakeUrbanGlow,995
Suitcase,Pets,FakeEtherealEdge,276
Fan,Health & Fitness,FakeVelvetVista,972
Backpacking Stove,Home Appliances,FakeUrbanGlow,791
Smart Doorbell,Arts & Crafts,FakeVelvetVista,444
Speaker,Sports & Recreation,FakeLuxeAura,350
Art Supplies,Pets,FakeEtherealEdge,523
Helmet,Outdoor & Garden,FakeUrbanGlow,937
Tarp,Health & Fitness,FakeZenithStyle,345
Smartphone,Health & Fitness,FakeEtherealEdge,726
Showerhead,Electronics,FakeLuxeAura,759
Juicer,Toys & Games,FakeEtherealEdge,474
Hair Dryer,Home Appliances,FakeUrbanGlow,586
Earbuds,Arts & Crafts,FakeLuxeAura,360
Earbuds,Kitchen & Dining,FakeLuxeAura,500
Ping Pong Table,Outdoor & Garden,FakeEtherealEdge,411
Doll,Sports & Recreation,FakeVelvetVista,481
Showerhead,Home & Furniture,FakeVelvetVista,539
Drone,Arts & Crafts,FakeLuxeAura,386
Badminton Set,Kitchen & Dining,FakeLuxeAura,716
Camera,Toys & Games,FakeVelvetVista,549
Bicycle,Kitchen & Dining,FakeUrbanGlow,202
Cat Tree,Pets,FakeEtherealEdge,143
Outdoor Umbrella,Home & Furniture,FakeLuxeAura,974
Rain Jacket,Kitchen & Dining,FakeLuxeAura,178
Hiking Backpack,Outdoor & Garden,FakeZenithStyle,865
Dehumidifier,Sports & Recreation,FakeZenithStyle,979
Cat Tree,Outdoor & Garden,FakeZenithStyle,288
Refrigerator,Health & Fitness,FakeVelvetVista,636
3D Printer,Pets,FakeVelvetVista,461
Binoculars,Home & Furniture,FakeUrbanGlow,321
Water Bottle,Home Appliances,FakeLuxeAura,521
Aquarium,Home Appliances,FakeVelvetVista,991
Sleeping Pad,Sports & Recreation,FakeLuxeAura,303
Juicer,Kitchen & Dining,FakeVelvetVista,210
Sewing Machine,Home & Furniture,FakeEtherealEdge,859
Tarp,Home & Furniture,FakeVelvetVista,627
Washing Machine,Outdoor & Garden,FakeLuxeAura,733
Bird Cage,Health & Fitness,FakeZenithStyle,535
BBQ Grill,Toys & Games,FakeVelvetVista,663
Outdoor Umbrella,Health & Fitness,FakeLuxeAura,595
External SSD,Sports & Recreation,FakeUrbanGlow,414
Sleeping Pad,Pets,FakeLuxeAura,609
Sleeping Pad,Kitchen & Dining,FakeLuxeAura,210
Water Bottle,Sports & Recreation,FakeVelvetVista,520
Drone,Pets,FakeUrbanGlow,802
Binoculars,Outdoor & Garden,FakeVelvetVista,633
Bird Feeder,Home & Furniture,FakeLuxeAura,542
Flashlight,Toys & Games,FakeEtherealEdge,349
Vacuum Cleaner,Toys & Games,FakeLuxeAura,706
Wi-Fi Extender,Health & Fitness,FakeVelvetVista,954
Ping Pong Table,Home & Furniture,FakeVelvetVista,666
Keyboard,Outdoor & Garden,FakeLuxeAura,151
Dishwasher,Home & Furniture,FakeVelvetVista,279
Ice Skates,Electronics,FakeZenithStyle,586
Cooler,Home & Furniture,FakeUrbanGlow,708
Laser Printer,Electronics,FakeUrbanGlow,886
Bicycle,Health & Fitness,FakeVelvetVista,713
Power Bank,Arts & Crafts,FakeUrbanGlow,809
Treadmill,Toys & Games,FakeEtherealEdge,257
Helmet,Health & Fitness,FakeUrbanGlow,152
Wetsuit,Kitchen & Dining,FakeVelvetVista,757
Sheets,Sports & Recreation,FakeZenithStyle,506
Kayak,Outdoor & Garden,FakeUrbanGlow,631
Yoga Mat,Home Appliances,FakeEtherealEdge,275
Smartphone,Health & Fitness,FakeUrbanGlow,429
Stove,Kitchen & Dining,FakeLuxeAura,559
VR Headset,Outdoor & Garden,FakeUrbanGlow,969
Monitor,Kitchen & Dining,FakeZenithStyle,183
Life Jacket,Health & Fitness,FakeLuxeAura,183
Doll,Toys & Games,FakeEtherealEdge,411
Electric Toothbrush,Arts & Crafts,FakeUrbanGlow,267
Headphones,Outdoor & Garden,FakeUrbanGlow,389
Hiking Backpack,Sports & Recreation,FakeVelvetVista,560
Camping Tent,Toys & Games,FakeUrbanGlow,528
Helmet,Sports & Recreation,FakeZenithStyle,364
Fire Pit,Electronics,FakeZenithStyle,772
Mattress,Arts & Crafts,FakeVelvetVista,621
Dehumidifier,Health & Fitness,FakeVelvetVista,539
3D Printer,Arts & Crafts,FakeVelvetVista,440
Projector,Health & Fitness,FakeZenithStyle,344
Toy Car,Kitchen & Dining,FakeEtherealEdge,857
Printer,Home & Furniture,FakeZenithStyle,154
Ski Poles,Arts & Crafts,FakeVelvetVista,844
Stove,Outdoor & Garden,FakeEtherealEdge,913
Binoculars,Sports & Recreation,FakeUrbanGlow,357
Basketball,Home Appliances,FakeVelvetVista,834
Thermos,Health & Fitness,FakeZenithStyle,300
Elliptical,Health & Fitness,FakeZenithStyle,924
Cooler,Home Appliances,FakeEtherealEdge,943
Juicer,Kitchen & Dining,FakeZenithStyle,850
Snowboard,Toys & Games,FakeZenithStyle,880
Grill,Outdoor & Garden,FakeZenithStyle,462
Hair Dryer,Pets,FakeUrbanGlow,121
BBQ Grill,Arts & Crafts,FakeLuxeAura,742
Tarp,Health & Fitness,FakeEtherealEdge,772
Dishwasher,Health & Fitness,FakeEtherealEdge,224
Smartwatch,Home & Furniture,FakeZenithStyle,903
Baseball Glove,Health & Fitness,FakeVelvetVista,461
Smart Light,Electronics,FakeZenithStyle,102
Printer,Sports & Recreation,FakeUrbanGlow,299
Treadmill,Home & Furniture,FakeZenithStyle,156
Projector,Arts & Crafts,FakeEtherealEdge,685
Electric Toothbrush,Home & Furniture,FakeZenithStyle,332
Thermos,Toys & Games,FakeVelvetVista,329
Smart Doorbell,Health & Fitness,FakeEtherealEdge,792
Stove,Home Appliances,FakeLuxeAura,986
Kayak,Toys & Games,FakeUrbanGlow,527
Baseball Glove,Kitchen & Dining,FakeZenithStyle,408
Washing Machine,Kitchen & Dining,FakeZenithStyle,206
Washing Machine,Home Appliances,FakeZenithStyle,479
Elliptical,Pets,FakeUrbanGlow,754
Water Bottle,Toys & Games,FakeUrbanGlow,324
Hiking Boots,Electronics,FakeZenithStyle,600
Snow Shovel,Outdoor & Garden,FakeZenithStyle,363
Tarp,Home & Furniture,FakeVelvetVista,634
Lawn Sprinkler,Health & Fitness,FakeZenithStyle,966
Electric Shaver,Pets,FakeLuxeAura,463
Patio Furniture,Pets,FakeZenithStyle,798
VR Headset,Home Appliances,FakeLuxeAura,488
Smart Doorbell,Health & Fitness,FakeLuxeAura,286
Air Conditioner,Outdoor & Garden,FakeEtherealEdge,733
Elliptical,Arts & Crafts,FakeEtherealEdge,606
Earbuds,Home & Furniture,FakeVelvetVista,729
Air Conditioner,Outdoor & Garden,FakeEtherealEdge,357
Refrigerator,Toys & Games,FakeVelvetVista,752
Hair Dryer,Health & Fitness,FakeUrbanGlow,826
Flashlight,Home Appliances,FakeUrbanGlow,695
Pet Feeder,Sports & Recreation,FakeUrbanGlow,350
Pillow,Home & Furniture,FakeVelvetVista,427
Electric Shaver,Outdoor & Garden,FakeEtherealEdge,795
Smart Thermostat,Arts & Crafts,FakeEtherealEdge,465
Snow Shovel,Home Appliances,FakeVelvetVista,413
Coffee Maker,Outdoor & Garden,FakeZenithStyle,761
Antivirus,Health & Fitness,FakeZenithStyle,771
Tarp,Outdoor & Garden,FakeVelvetVista,483
Laptop,Pets,FakeUrbanGlow,487
Air Conditioner,Outdoor & Garden,FakeVelvetVista,273
Memory Card,Sports & Recreation,FakeZenithStyle,590
Hair Dryer,Pets,FakeUrbanGlow,939
Soap,Sports & Recreation,FakeEtherealEdge,181
Electric Kettle,Toys & Games,FakeEtherealEdge,640
Jacket,Toys & Games,FakeVelvetVista,190
Dumbbells,Sports & Recreation,FakeLuxeAura,684
Life Jacket,Arts & Crafts,FakeVelvetVista,283
Camera,Toys & Games,FakeLuxeAura,188
Garden Hose,Health & Fitness,FakeEtherealEdge,322
Sheets,Pets,FakeEtherealEdge,224
BBQ Grill,Electronics,FakeEtherealEdge,405
Air Conditioner,Outdoor & Garden,FakeEtherealEdge,627
Dehumidifier,Outdoor & Garden,FakeVelvetVista,602
Lawn Mower,Arts & Crafts,FakeUrbanGlow,509
Telescope,Pets,FakeUrbanGlow,532
Vacuum Cleaner,Arts & Crafts,FakeUrbanGlow,623
Kayak,Home & Furniture,FakeLuxeAura,196
Volleyball,Home & Furniture,FakeUrbanGlow,990
Water Bottle,Sports & Recreation,FakeZenithStyle,774
Bluetooth Speaker,Kitchen & Dining,FakeVelvetVista,893
Sheets,Sports & Recreation,FakeEtherealEdge,835
Grill,Home Appliances,FakeZenithStyle,290
Electric Kettle,Home & Furniture,FakeLuxeAura,357
Lamp,Home Appliances,FakeVelvetVista,421
Cat Tree,Kitchen & Dining,FakeLuxeAura,930
Smart Light,Home & Furniture,FakeVelvetVista,546
Helmet,Electronics,FakeUrbanGlow,796
Smartphone,Outdoor & Garden,FakeZenithStyle,537
Fishing Rod,Arts & Crafts,FakeUrbanGlow,432
Doll,Pets,FakeZenithStyle,952
Laser Printer,Electronics,FakeEtherealEdge,353
Electric Car,Kitchen & Dining,FakeUrbanGlow,503
Puzzle,Home Appliances,FakeZenithStyle,457
Smartphone,Electronics,FakeZenithStyle,510
Garden Hose,Sports & Recreation,FakeEtherealEdge,179
Surfboard,Kitchen & Dining,FakeLuxeAura,336
Pet Toy,Kitchen & Dining,FakeLuxeAura,997
Power Bank,Toys & Games,FakeVelvetVista,130
Dog Leash,Outdoor & Garden,FakeUrbanGlow,991
Jacket,Arts & Crafts,FakeLuxeAura,880
Surfboard,Sports & Recreation,FakeVelvetVista,943
Ski Goggles,Toys & Games,FakeUrbanGlow,533
Keyboard,Electronics,FakeVelvetVista,713
Trekking Poles,Outdoor & Garden,FakeEtherealEdge,729
Supplement,Home Appliances,FakeUrbanGlow,234
Aquarium,Health & Fitness,FakeZenithStyle,808
Glasses,Arts & Crafts,FakeZenithStyle,807
Life Jacket,Health & Fitness,FakeEtherealEdge,932
Grill,Electronics,FakeEtherealEdge,250
External SSD,Sports & Recreation,FakeLuxeAura,740
Bed,Home & Furniture,FakeUrbanGlow,571
Tackle Box,Home & Furniture,FakeZenithStyle,530
Keyboard,Home & Furniture,FakeEtherealEdge,239
Cooler,Outdoor & Garden,FakeLuxeAura,655
Pet Carrier,Outdoor & Garden,FakeEtherealEdge,718
Cat Tree,Kitchen & Dining,FakeZenithStyle,979
Hair Dryer,Electronics,FakeUrbanGlow,835
Air Purifier,Toys & Games,FakeVelvetVista,799
Sleeping Bag,Electronics,FakeEtherealEdge,256
Ice Skates,Pets,FakeEtherealEdge,414
Cat Litter Box,Arts & Crafts,FakeLuxeAura,848
Hiking Boots,Sports & Recreation,FakeEtherealEdge,608
Mattress,Pets,FakeLuxeAura,406
Telescope,Arts & Crafts,FakeUrbanGlow,859
Memory Card,Kitchen & Dining,FakeUrbanGlow,511
Ski Poles,Pets,FakeLuxeAura,950
Lamp,Health & Fitness,FakeEtherealEdge,716
Glasses,Arts & Crafts,FakeEtherealEdge,289
Dart Board,Electronics,FakeVelvetVista,305
Action Figure,Kitchen & Dining,FakeEtherealEdge,644
Air Purifier,Sports & Recreation,FakeVelvetVista,831
Doll,Arts & Crafts,FakeZenithStyle,111
Pet Feeder,Toys & Games,FakeVelvetVista,272
Speaker,Home Appliances,FakeLuxeAura,264
Hiking Boots,Home & Furniture,FakeUrbanGlow,831
Printer,Sports & Recreation,FakeVelvetVista,290
Backpacking Stove,Toys & Games,FakeZenithStyle,426
Smart Thermostat,Arts & Crafts,FakeUrbanGlow,656
Tennis Racket,Home Appliances,FakeUrbanGlow,917
Sled,Arts & Crafts,FakeEtherealEdge,655
Water Filter,Kitchen & Dining,FakeUrbanGlow,644
Elliptical,Pets,FakeLuxeAura,566
Electric Car,Kitchen & Dining,FakeLuxeAura,461
Dog House,Home & Furniture,FakeUrbanGlow,405
Monitor,Health & Fitness,FakeEtherealEdge,806
Snowboard,Home & Furniture,FakeEtherealEdge,852
Smart Thermostat,Home & Furniture,FakeEtherealEdge,538
Dehumidifier,Home & Furniture,FakeUrbanGlow,892
Smart Light,Sports & Recreation,FakeZenithStyle,505
Bird Cage,Home Appliances,FakeVelvetVista,294
Volleyball,Sports & Recreation,FakeEtherealEdge,214
Showerhead,Arts & Crafts,FakeLuxeAura,478
Life Jacket,Arts & Crafts,FakeEtherealEdge,872
Fishing Rod,Home Appliances,FakeVelvetVista,898
Dumbbells,Home & Furniture,FakeVelvetVista,874
Trekking Poles,Outdoor & Garden,FakeEtherealEdge,591
Thermos,Home Appliances,FakeLuxeAura,562
Dumbbells,Pets,FakeVelvetVista,650
Sheets,Electronics,FakeLuxeAura,825
Pillow,Outdoor & Garden,FakeZenithStyle,366
Fan,Outdoor & Garden,FakeVelvetVista,615
Showerhead,Kitchen & Dining,FakeVelvetVista,647
Hammock,Home Appliances,FakeVelvetVista,306
Stove,Home & Furniture,FakeUrbanGlow,160
Printer,Outdoor & Garden,FakeVelvetVista,678
Camera,Electronics,FakeEtherealEdge,328
Sled,Home & Furniture,FakeVelvetVista,351
Smart Doorbell,Toys & Games,FakeEtherealEdge,372
Blender,Kitchen & Dining,FakeUrbanGlow,556
Tablet,Arts & Crafts,FakeLuxeAura,720
Wi-Fi Extender,Electronics,FakeZenithStyle,758
Puzzle,Kitchen & Dining,FakeLuxeAura,429
Lawn Mower,Kitchen & Dining,FakeZenithStyle,500
Bluetooth Speaker,Sports & Recreation,FakeVelvetVista,889
Home Security Camera,Pets,FakeVelvetVista,322
Ski Goggles,Home & Furniture,FakeZenithStyle,420
Patio Furniture,Home & Furniture,FakeLuxeAura,848
Wetsuit,Arts & Crafts,FakeVelvetVista,878
Art Supplies,Electronics,FakeEtherealEdge,835
Helmet,Outdoor & Garden,FakeUrbanGlow,687
Portable Charger,Outdoor & Garden,FakeVelvetVista,919
Sleeping Pad,Toys & Games,FakeEtherealEdge,444
Hiking Backpack,Health & Fitness,FakeLuxeAura,841
Soap,Home Appliances,FakeZenithStyle,522
Dehumidifier,Arts & Crafts,FakeUrbanGlow,256
Badminton Set,Toys & Games,FakeZenithStyle,184
Showerhead,Outdoor & Garden,FakeEtherealEdge,847
Pillow,Outdoor & Garden,FakeUrbanGlow,426
Router,Toys & Games,FakeVelvetVista,587
Wi-Fi Extender,Pets,FakeZenithStyle,999
Surfboard,Electronics,FakeZenithStyle,262
Cat Litter Box,Outdoor & Garden,FakeZenithStyle,106
Showerhead,Kitchen & Dining,FakeUrbanGlow,393
Puzzle,Sports & Recreation,FakeVelvetVista,175
Tablet,Kitchen & Dining,FakeZenithStyle,797
Tarp,Home & Furniture,FakeUrbanGlow,879
Printer,Home & Furniture,FakeUrbanGlow,735
Dishwasher,Health & Fitness,FakeLuxeAura,676
Telescope,Health & Fitness,FakeUrbanGlow,520
Backpacking Stove,Home Appliances,FakeUrbanGlow,784
Ping Pong Table,Sports & Recreation,FakeVelvetVista,510
Doll,Kitchen & Dining,FakeVelvetVista,205
Soccer Ball,Pets,FakeZenithStyle,709
Smartphone,Home & Furniture,FakeEtherealEdge,335
Trekking Poles,Toys & Games,FakeEtherealEdge,681
Smart Light,Pets,FakeVelvetVista,280
Dumbbells,Health & Fitness,FakeZenithStyle,603
Memory Card,Toys & Games,FakeUrbanGlow,317
Cat Tree,Outdoor & Garden,FakeEtherealEdge,347
Laptop,Health & Fitness,FakeEtherealEdge,593
Air Conditioner,Home & Furniture,FakeLuxeAura,489
Bird Cage,Health & Fitness,FakeUrbanGlow,945
Fitness Tracker,Sports & Recreation,FakeLuxeAura,242
Cat Litter Box,Home & Furniture,FakeZenithStyle,988
Elliptical,Electronics,FakeLuxeAura,900
Life Jacket,Arts & Crafts,FakeEtherealEdge,127
Electric Toothbrush,Toys & Games,FakeEtherealEdge,783
Snorkel Gear,Home & Furniture,FakeEtherealEdge,741
Humidifier,Electronics,FakeEtherealEdge,134
Smart Doorbell,Sports & Recreation,FakeZenithStyle,973
Dog House,Toys & Games,FakeLuxeAura,463
BBQ Grill,Kitchen & Dining,FakeEtherealEdge,727
Blender,Kitchen & Dining,FakeEtherealEdge,463
Juicer,Outdoor & Garden,FakeLuxeAura,511
Tablet,Kitchen & Dining,FakeZenithStyle,793
Bluetooth Speaker,Home Appliances,FakeLuxeAura,242
Pillow,Pets,FakeLuxeAura,389
Soap,Electronics,FakeUrbanGlow,994
Grill,Home & Furniture,FakeEtherealEdge,652
Puzzle,Home Appliances,FakeLuxeAura,823
Cat Tree,Arts & Crafts,FakeLuxeAura,617
Washing Machine,Toys & Games,FakeUrbanGlow,935
Dog Collar,Outdoor & Garden,FakeZenithStyle,774
Plant Pot,Toys & Games,FakeVelvetVista,233
Golf Clubs,Toys & Games,FakeZenithStyle,259
Sled,Toys & Games,FakeZenithStyle,878
Thermos,Kitchen & Dining,FakeVelvetVista,548
Pet Bed,Sports & Recreation,FakeUrbanGlow,159
Pet Toy,Outdoor & Garden,FakeEtherealEdge,339
Dog Collar,Arts & Crafts,FakeEtherealEdge,110
External SSD,Kitchen & Dining,FakeUrbanGlow,902
Kayak,Arts & Crafts,FakeZenithStyle,491
Tackle Box,Home & Furniture,FakeEtherealEdge,150
Ice Skates,Arts & Crafts,FakeVelvetVista,725
Air Conditioner,Health & Fitness,FakeLuxeAura,675
Sled,Health & Fitness,FakeUrbanGlow,307
Trekking Poles,Health & Fitness,FakeLuxeAura,867
Lamp,Sports & Recreation,FakeLuxeAura,165
Microwave,Kitchen & Dining,FakeLuxeAura,142
Bicycle,Arts & Crafts,FakeZenithStyle,964
Garden Tools,Home & Furniture,FakeZenithStyle,686
Snorkel Gear,Kitchen & Dining,FakeVelvetVista,313
Electric Shaver,Outdoor & Garden,FakeZenithStyle,888
Antivirus,Health & Fitness,FakeUrbanGlow,784
Air Conditioner,Kitchen & Dining,FakeEtherealEdge,934
Kayak,Electronics,FakeVelvetVista,977
Bird Cage,Home Appliances,FakeZenithStyle,279
Memory Card,Arts & Crafts,FakeLuxeAura,869
Toy Car,Pets,FakeVelvetVista,317
Garden Tools,Kitchen & Dining,FakeEtherealEdge,940
Puzzle,Outdoor & Garden,FakeVelvetVista,376
Router,Kitchen & Dining,FakeEtherealEdge,328
Smart Light,Home Appliances,FakeLuxeAura,330
Showerhead,Kitchen & Dining,FakeEtherealEdge,434
Smart Doorbell,Arts & Crafts,FakeEtherealEdge,764
Electric Scooter,Pets,FakeUrbanGlow,983
Bed,Home & Furniture,FakeZenithStyle,919
Flashlight,Pets,FakeZenithStyle,172
Refrigerator,Home & Furniture,FakeLuxeAura,561
Printer,Home & Furniture,FakeZenithStyle,448
Pet Carrier,Kitchen & Dining,FakeVelvetVista,721
Snowboard,Home & Furniture,FakeZenithStyle,599
Tackle Box,Health & Fitness,FakeLuxeAura,834
Speaker,Health & Fitness,FakeVelvetVista,140
Hair Dryer,Outdoor & Garden,FakeVelvetVista,139
Aquarium,Home Appliances,FakeVelvetVista,627
Sheets,Health & Fitness,FakeZenithStyle,918
Keyboard,Toys & Games,FakeLuxeAura,794
Air Conditioner,Pets,FakeEtherealEdge,281
Air Purifier,Kitchen & Dining,FakeEtherealEdge,304
Pet Carrier,Toys & Games,FakeLuxeAura,358
Dog Collar,Outdoor & Garden,FakeEtherealEdge,773
Glasses,Health & Fitness,FakeLuxeAura,504
Bluetooth Speaker,Outdoor & Garden,FakeZenithStyle,552
Hiking Boots,Home Appliances,FakeZenithStyle,382
Snorkel Gear,Home & Furniture,FakeZenithStyle,367
Flashlight,Electronics,FakeUrbanGlow,729
Cat Litter Box,Toys & Games,FakeZenithStyle,141
Cat Tree,Arts & Crafts,FakeVelvetVista,746
Speaker,Sports & Recreation,FakeVelvetVista,265
Rain Jacket,Home Appliances,FakeVelvetVista,832
Cat Tree,Outdoor & Garden,FakeLuxeAura,130
Laser Printer,Home & Furniture,FakeUrbanGlow,208
Bed,Outdoor & Garden,FakeUrbanGlow,222
Stove,Home & Furniture,FakeLuxeAura,478
Trekking Poles,Kitchen & Dining,FakeLuxeAura,908
Antivirus,Outdoor & Garden,FakeUrbanGlow,569
Humidifier,Health & Fitness,FakeEtherealEdge,746
Treadmill,Home & Furniture,FakeUrbanGlow,154
Smart Light,Arts & Crafts,FakeLuxeAura,972
Supplement,Toys & Games,FakeZenithStyle,256
Glasses,Outdoor & Garden,FakeEtherealEdge,772
Ski Goggles,Health & Fitness,FakeLuxeAura,849
Backpack,Health & Fitness,FakeVelvetVista,685
Ice Skates,Outdoor & Garden,FakeZenithStyle,398
Puzzle,Home & Furniture,FakeVelvetVista,782
Plant Pot,Electronics,FakeLuxeAura,455
Cooler,Outdoor & Garden,FakeEtherealEdge,860
Golf Clubs,Kitchen & Dining,FakeVelvetVista,202
Home Security Camera,Outdoor & Garden,FakeUrbanGlow,542
Bed,Arts & Crafts,FakeEtherealEdge,962
Bed,Pets,FakeUrbanGlow,270
Cat Tree,Home & Furniture,FakeZenithStyle,185
Refrigerator,Outdoor & Garden,FakeEtherealEdge,443
Pet Feeder,Arts & Crafts,FakeVelvetVista,678
Electric Car,Pets,FakeZenithStyle,154
Thermos,Outdoor & Garden,FakeEtherealEdge,556
Keyboard,Kitchen & Dining,FakeUrbanGlow,797
Dog House,Outdoor & Garden,FakeEtherealEdge,811
Smart Light,Home & Furniture,FakeEtherealEdge,356
Portable Hard Drive,Outdoor & Garden,FakeUrbanGlow,714
Washing Machine,Home & Furniture,FakeEtherealEdge,638
Water Filter,Kitchen & Dining,FakeEtherealEdge,828
Tennis Racket,Pets,FakeVelvetVista,201
Trekking Poles,Sports & Recreation,FakeVelvetVista,495
Sewing Machine,Outdoor & Garden,FakeZenithStyle,108
Camping Chair,Home & Furniture,FakeVelvetVista,830
Laptop,Home & Furniture,FakeLuxeAura,452
Craft Kit,Pets,FakeUrbanGlow,762
Bluetooth Speaker,Toys & Games,FakeLuxeAura,996
Vacuum Cleaner,Electronics,FakeUrbanGlow,826
Badminton Set,Sports & Recreation,FakeVelvetVista,642
Garden Tools,Sports & Recreation,FakeUrbanGlow,793
Snow Shovel,Outdoor & Garden,FakeLuxeAura,844
Garden Tools,Electronics,FakeLuxeAura,512
Baseball Glove,Toys & Games,FakeEtherealEdge,715
Fish Food,Home & Furniture,FakeLuxeAura,871
Wi-Fi Extender,Sports & Recreation,FakeLuxeAura,489
Lawn Mower,Home Appliances,FakeVelvetVista,675
Ski Goggles,Pets,FakeLuxeAura,908
Trekking Poles,Sports & Recreation,FakeUrbanGlow,913
Fish Food,Sports & Recreation,FakeLuxeAura,706
Suitcase,Electronics,FakeEtherealEdge,690
Wetsuit,Kitchen & Dining,FakeVelvetVista,869
Dog Collar,Home & Furniture,FakeVelvetVista,630
Smartphone,Home & Furniture,FakeLuxeAura,149
Craft Kit,Health & Fitness,FakeLuxeAura,815
Board Game,Sports & Recreation,FakeVelvetVista,622
Smart Thermostat,Electronics,FakeLuxeAura,963
Outdoor Umbrella,Arts & Crafts,FakeLuxeAura,427
Oven,Pets,FakeUrbanGlow,301
Flashlight,Arts & Crafts,FakeVelvetVista,164
Headphones,Electronics,FakeLuxeAura,385
Plant Pot,Pets,FakeUrbanGlow,508
Air Conditioner,Electronics,FakeLuxeAura,130
Lawn Mower,Sports & Recreation,FakeLuxeAura,999
Refrigerator,Pets,FakeUrbanGlow,370
Tent,Pets,FakeVelvetVista,769
Thermos,Sports & Recreation,FakeUrbanGlow,648
Snorkel Gear,Kitchen & Dining,FakeVelvetVista,114
Grill,Kitchen & Dining,FakeEtherealEdge,679
Electric Car,Electronics,FakeZenithStyle,544
Pet Toy,Kitchen & Dining,FakeUrbanGlow,846
Sled,Kitchen & Dining,FakeEtherealEdge,351
Coffee Maker,Health & Fitness,FakeZenithStyle,274
Ski Poles,Pets,FakeUrbanGlow,543
Building Blocks,Outdoor & Garden,FakeVelvetVista,770
Aquarium,Home & Furniture,FakeLuxeAura,696
Backpacking Stove,Home & Furniture,FakeVelvetVista,872
Ping Pong Table,Home & Furniture,FakeUrbanGlow,918
Dog Leash,Electronics,FakeUrbanGlow,674
Yoga Mat,Home Appliances,FakeLuxeAura,932
Smartwatch,Electronics,FakeZenithStyle,314
Washing Machine,Outdoor & Garden,FakeZenithStyle,823
Kayak,Electronics,FakeVelvetVista,889
Humidifier,Health & Fitness,FakeZenithStyle,812
Suitcase,Kitchen & Dining,FakeUrbanGlow,901
Smart Light,Kitchen & Dining,FakeZenithStyle,102
Robot Vacuum,Home & Furniture,FakeVelvetVista,494
Smartwatch,Sports & Recreation,FakeLuxeAura,206
Laptop,Pets,FakeUrbanGlow,364
Monitor,Electronics,FakeLuxeAura,695
Stove,Sports & Recreation,FakeVelvetVista,795
Oven,Arts & Crafts,FakeZenithStyle,527
Sleeping Pad,Electronics,FakeVelvetVista,647
Smart Thermostat,Arts & Crafts,FakeUrbanGlow,138
Speaker,Kitchen & Dining,FakeEtherealEdge,286
Pillow,Electronics,FakeUrbanGlow,989
Hair Dryer,Outdoor & Garden,FakeVelvetVista,245
Glasses,Outdoor & Garden,FakeZenithStyle,843
Volleyball,Health & Fitness,FakeLuxeAura,854
Portable Hard Drive,Kitchen & Dining,FakeUrbanGlow,127
Life Jacket,Health & Fitness,FakeZenithStyle,152
Air Purifier,Outdoor & Garden,FakeEtherealEdge,129
Cat Tree,Electronics,FakeEtherealEdge,982
Dog Collar,Health & Fitness,FakeEtherealEdge,607
Smart Light,Sports & Recreation,FakeUrbanGlow,467
Yoga Mat,Electronics,FakeLuxeAura,976
Memory Card,Toys & Games,FakeVelvetVista,542
Portable Hard Drive,Home Appliances,FakeLuxeAura,354
Lawn Sprinkler,Outdoor & Garden,FakeEtherealEdge,425
Dog Leash,Toys & Games,FakeLuxeAura,180
Tackle Box,Electronics,FakeEtherealEdge,438
Juicer,Arts & Crafts,FakeZenithStyle,583
Smartwatch,Sports & Recreation,FakeVelvetVista,542
Portable Hard Drive,Outdoor & Garden,FakeLuxeAura,773
Surfboard,Home Appliances,FakeZenithStyle,270
Headphones,Toys & Games,FakeEtherealEdge,839
Camping Chair,Sports & Recreation,FakeZenithStyle,374
Headphones,Health & Fitness,FakeZenithStyle,635
Hiking Boots,Home & Furniture,FakeEtherealEdge,356
Badminton Set,Toys & Games,FakeZenithStyle,775
Robot Vacuum,Toys & Games,FakeVelvetVista,689
Air Conditioner,Home Appliances,FakeZenithStyle,411
Router,Toys & Games,FakeEtherealEdge,403
Tennis Racket,Toys & Games,FakeZenithStyle,486
Dart Board,Arts & Crafts,FakeVelvetVista,338
Garden Tools,Toys & Games,FakeUrbanGlow,204
Bird Cage,Home Appliances,FakeEtherealEdge,172
Tarp,Kitchen & Dining,FakeLuxeAura,455
Laser Printer,Electronics,FakeUrbanGlow,594
Helmet,Kitchen & Dining,FakeZenithStyle,946
Game Console,Electronics,FakeZenithStyle,339
Hammock,Pets,FakeVelvetVista,472
Surfboard,Arts & Crafts,FakeVelvetVista,807
Tackle Box,Kitchen & Dining,FakeVelvetVista,625
Dart Board,Electronics,FakeZenithStyle,349
Drone,Health & Fitness,FakeEtherealEdge,578
Bicycle,Home & Furniture,FakeUrbanGlow,723
Lamp,Health & Fitness,FakeUrbanGlow,999
Monitor,Health & Fitness,FakeUrbanGlow,199
Water Filter,Arts & Crafts,FakeUrbanGlow,350
Tackle Box,Arts & Crafts,FakeLuxeAura,336
Elliptical,Sports & Recreation,FakeZenithStyle,934
Fishing Rod,Arts & Crafts,FakeUrbanGlow,887
Golf Clubs,Sports & Recreation,FakeZenithStyle,837
Lawn Mower,Home Appliances,FakeLuxeAura,807
Toothpaste,Pets,FakeEtherealEdge,128
Antivirus,Home Appliances,FakeUrbanGlow,219
Pet Bed,Sports & Recreation,FakeZenithStyle,445
Treadmill,Kitchen & Dining,FakeLuxeAura,174
Pet Toy,Kitchen & Dining,FakeEtherealEdge,964
Badminton Set,Home & Furniture,FakeEtherealEdge,307
Fan,Kitchen & Dining,FakeVelvetVista,238
Soccer Ball,Outdoor & Garden,FakeLuxeAura,547
Electric Shaver,Electronics,FakeUrbanGlow,246
Camping Tent,Arts & Crafts,FakeZenithStyle,367
External SSD,Arts & Crafts,FakeZenithStyle,985
Ice Skates,Health & Fitness,FakeUrbanGlow,752
Smartphone,Arts & Crafts,FakeLuxeAura,534
Toothpaste,Toys & Games,FakeEtherealEdge,575
Hiking Boots,Home & Furniture,FakeZenithStyle,350
Smart Doorbell,Sports & Recreation,FakeEtherealEdge,325
Monitor,Home & Furniture,FakeLuxeAura,438
Refrigerator,Sports & Recreation,FakeVelvetVista,737
Air Purifier,Home & Furniture,FakeZenithStyle,251
Sewing Machine,Kitchen & Dining,FakeVelvetVista,103
Printer,Sports & Recreation,FakeEtherealEdge,798
Dog House,Electronics,FakeEtherealEdge,732
Grill,Electronics,FakeLuxeAura,711
Camping Chair,Sports & Recreation,FakeLuxeAura,249
Sewing Machine,Pets,FakeLuxeAura,883
Air Purifier,Electronics,FakeUrbanGlow,831
Sewing Machine,Arts & Crafts,FakeZenithStyle,343
Laptop,Arts & Crafts,FakeVelvetVista,416
Pet Carrier,Home Appliances,FakeVelvetVista,170
Snowboard,Kitchen & Dining,FakeUrbanGlow,996
Water Bottle,Electronics,FakeEtherealEdge,226
Snowboard,Pets,FakeVelvetVista,745
External SSD,Toys & Games,FakeLuxeAura,743
Backpack,Outdoor & Garden,FakeUrbanGlow,291
Mattress,Outdoor & Garden,FakeEtherealEdge,943
Electric Toothbrush,Sports & Recreation,FakeZenithStyle,975
Smart Thermostat,Home Appliances,FakeLuxeAura,726
Backpack,Health & Fitness,FakeVelvetVista,796
Patio Furniture,Home & Furniture,FakeUrbanGlow,220
Life Jacket,Arts & Crafts,FakeZenithStyle,870
Toy Car,Home & Furniture,FakeUrbanGlow,376
Cooler,Home Appliances,FakeZenithStyle,149
Dog Collar,Outdoor & Garden,FakeVelvetVista,236
Humidifier,Pets,FakeZenithStyle,374
Game Console,Home Appliances,FakeLuxeAura,350
Cooler,Arts & Crafts,FakeVelvetVista,816
Paddleboard,Kitchen & Dining,FakeZenithStyle,998
Puzzle,Electronics,FakeLuxeAura,410
Elliptical,Outdoor & Garden,FakeVelvetVista,598
Router,Outdoor & Garden,FakeUrbanGlow,960
Garden Hose,Sports & Recreation,FakeUrbanGlow,721
Antivirus,Electronics,FakeZenithStyle,865
Home Security Camera,Pets,FakeUrbanGlow,864
Paddleboard,Arts & Crafts,FakeEtherealEdge,274
Electric Car,Home & Furniture,FakeLuxeAura,284
Cat Litter Box,Toys & Games,FakeVelvetVista,548
Toothpaste,Home & Furniture,FakeVelvetVista,716
Power Bank,Home & Furniture,FakeZenithStyle,679
Grill,Electronics,FakeEtherealEdge,378
Wi-Fi Extender,Electronics,FakeLuxeAura,568
Router,Pets,FakeUrbanGlow,575
Power Bank,Electronics,FakeLuxeAura,795
Dishwasher,Electronics,FakeUrbanGlow,506
Backpack,Home Appliances,FakeEtherealEdge,892
Pet Feeder,Outdoor & Garden,FakeEtherealEdge,357
Bluetooth Speaker,Electronics,FakeUrbanGlow,432
Pet Bed,Pets,FakeZenithStyle,765
Trekking Poles,Toys & Games,FakeLuxeAura,835
Smart Thermostat,Outdoor & Garden,FakeLuxeAura,612
Telescope,Sports & Recreation,FakeUrbanGlow,945
Elliptical,Health & Fitness,FakeUrbanGlow,369
Lawn Mower,Toys & Games,FakeUrbanGlow,458
Building Blocks,Electronics,FakeEtherealEdge,603
Telescope,Arts & Crafts,FakeLuxeAura,787
Tackle Box,Outdoor & Garden,FakeUrbanGlow,779
Lamp,Kitchen & Dining,FakeLuxeAura,371
Air Purifier,Arts & Crafts,FakeUrbanGlow,510
Hiking Backpack,Health & Fitness,FakeVelvetVista,770
Sleeping Bag,Toys & Games,FakeLuxeAura,827
Camping Chair,Pets,FakeUrbanGlow,607
Showerhead,Health & Fitness,FakeVelvetVista,329
Paddleboard,Electronics,FakeZenithStyle,520
Dog House,Toys & Games,FakeEtherealEdge,908
Vacuum Cleaner,Arts & Crafts,FakeZenithStyle,934
VR Headset,Electronics,FakeVelvetVista,910
Dehumidifier,Electronics,FakeEtherealEdge,300
Suitcase,Toys & Games,FakeVelvetVista,915
Toy Car,Home Appliances,FakeEtherealEdge,799
Electric Scooter,Arts & Crafts,FakeVelvetVista,752
Air Purifier,Arts & Crafts,FakeLuxeAura,812
Camping Chair,Electronics,FakeVelvetVista,886
Telescope,Health & Fitness,FakeVelvetVista,228
Blender,Health & Fitness,FakeUrbanGlow,509
Smartphone,Kitchen & Dining,FakeLuxeAura,537
Camping Chair,Electronics,FakeZenithStyle,415
Sleeping Bag,Electronics,FakeUrbanGlow,100
Cooler,Electronics,FakeLuxeAura,322
Monitor,Outdoor & Garden,FakeZenithStyle,576
Sled,Toys & Games,FakeEtherealEdge,128
Ice Skates,Arts & Crafts,FakeUrbanGlow,608
Smartphone,Kitchen & Dining,FakeUrbanGlow,154
Vacuum Cleaner,Toys & Games,FakeEtherealEdge,292
Action Figure,Arts & Crafts,FakeVelvetVista,516
Soap,Pets,FakeEtherealEdge,690
Patio Furniture,Arts & Crafts,FakeUrbanGlow,642
Dog Collar,Health & Fitness,FakeVelvetVista,542
Sleeping Bag,Outdoor & Garden,FakeEtherealEdge,915
Toothpaste,Arts & Crafts,FakeVelvetVista,205
Portable Charger,Pets,FakeVelvetVista,453
Snorkel Gear,Outdoor & Garden,FakeLuxeAura,451
Smart Thermostat,Electronics,FakeEtherealEdge,195
Art Supplies,Pets,FakeZenithStyle,817
Smartphone,Home Appliances,FakeLuxeAura,482
VR Headset,Pets,FakeEtherealEdge,234
Lawn Mower,Arts & Crafts,FakeZenithStyle,899
Pet Carrier,Electronics,FakeZenithStyle,596
Fitness Tracker,Health & Fitness,FakeVelvetVista,928
Refrigerator,Health & Fitness,FakeZenithStyle,543
Baseball Glove,Toys & Games,FakeEtherealEdge,191
Golf Clubs,Outdoor & Garden,FakeZenithStyle,589
Lamp,Home Appliances,FakeVelvetVista,175
Router,Pets,FakeZenithStyle,882
Vacuum Cleaner,Arts & Crafts,FakeUrbanGlow,360
Tarp,Arts & Crafts,FakeVelvetVista,778
Doll,Toys & Games,FakeEtherealEdge,257
Bicycle,Toys & Games,FakeLuxeAura,413
3D Printer,Arts & Crafts,FakeVelvetVista,649
Speaker,Home & Furniture,FakeUrbanGlow,240
Tent,Home Appliances,FakeEtherealEdge,910
Flashlight,Electronics,FakeEtherealEdge,227
Coffee Maker,Toys & Games,FakeLuxeAura,898
Golf Clubs,Sports & Recreation,FakeLuxeAura,242
Art Supplies,Arts & Crafts,FakeEtherealEdge,529
Wi-Fi Extender,Pets,FakeZenithStyle,761
Air Purifier,Pets,FakeZenithStyle,663
Camping Tent,Kitchen & Dining,FakeUrbanGlow,210
Tarp,Electronics,FakeEtherealEdge,616
Smart Doorbell,Electronics,FakeLuxeAura,807
Aquarium,Home & Furniture,FakeEtherealEdge,137
Badminton Set,Kitchen & Dining,FakeZenithStyle,197
Keyboard,Electronics,FakeUrbanGlow,949
Basketball,Outdoor & Garden,FakeZenithStyle,188
Life Jacket,Home Appliances,FakeUrbanGlow,317
Tennis Racket,Kitchen & Dining,FakeLuxeAura,241
Hair Dryer,Health & Fitness,FakeLuxeAura,888
Refrigerator,Toys & Games,FakeEtherealEdge,918
Keyboard,Sports & Recreation,FakeVelvetVista,694
Outdoor Umbrella,Toys & Games,FakeZenithStyle,712
Paddleboard,Toys & Games,FakeLuxeAura,848
Electric Toothbrush,Outdoor & Garden,FakeEtherealEdge,487
Tablet,Home & Furniture,FakeLuxeAura,541
Smartwatch,Electronics,FakeZenithStyle,561
Washing Machine,Health & Fitness,FakeUrbanGlow,717
Sheets,Pets,FakeEtherealEdge,807
Camping Tent,Sports & Recreation,FakeVelvetVista,846
BBQ Grill,Health & Fitness,FakeVelvetVista,140
Sled,Home Appliances,FakeLuxeAura,235
Oven,Home & Furniture,FakeEtherealEdge,548
Bed,Arts & Crafts,FakeLuxeAura,358
Washing Machine,Toys & Games,FakeUrbanGlow,841
Camera,Toys & Games,FakeEtherealEdge,631
Snow Shovel,Kitchen & Dining,FakeZenithStyle,567
Wetsuit,Home & Furniture,FakeVelvetVista,710
Smartphone,Pets,FakeEtherealEdge,863
Memory Card,Home & Furniture,FakeVelvetVista,966
Camera,Outdoor & Garden,FakeLuxeAura,227
Garden Hose,Kitchen & Dining,FakeUrbanGlow,460
Pet Carrier,Electronics,FakeEtherealEdge,924
Electric Car,Electronics,FakeZenithStyle,356
Golf Clubs,Outdoor & Garden,FakeEtherealEdge,893
Hammock,Outdoor & Garden,FakeVelvetVista,748
Telescope,Electronics,FakeEtherealEdge,199
Air Conditioner,Sports & Recreation,FakeUrbanGlow,363
Sleeping Pad,Arts & Crafts,FakeEtherealEdge,928
Patio Furniture,Home Appliances,FakeUrbanGlow,196
Outdoor Umbrella,Arts & Crafts,FakeEtherealEdge,645
Action Figure,Electronics,FakeUrbanGlow,351
Garden Tools,Arts & Crafts,FakeZenithStyle,253
Sewing Machine,Pets,FakeZenithStyle,536
Ping Pong Table,Home & Furniture,FakeEtherealEdge,520
Pet Bed,Health & Fitness,FakeVelvetVista,393
Snow Shovel,Home Appliances,FakeLuxeAura,820
Stove,Pets,FakeZenithStyle,436
Home Security Camera,Kitchen & Dining,FakeUrbanGlow,111
Pet Toy,Home Appliances,FakeZenithStyle,683
Cooler,Home Appliances,FakeVelvetVista,594
Wi-Fi Extender,Outdoor & Garden,FakeLuxeAura,427
Bed,Outdoor & Garden,FakeZenithStyle,133
Golf Clubs,Kitchen & Dining,FakeEtherealEdge,102
Puzzle,Home & Furniture,FakeUrbanGlow,967
Backpack,Outdoor & Garden,FakeZenithStyle,807
Smart Light,Electronics,FakeVelvetVista,975
Dart Board,Kitchen & Dining,FakeZenithStyle,256
Game Console,Toys & Games,FakeLuxeAura,441
Trekking Poles,Home Appliances,FakeEtherealEdge,416
Vacuum Cleaner,Health & Fitness,FakeEtherealEdge,571
Trekking Poles,Electronics,FakeEtherealEdge,587
Smart Doorbell,Home Appliances,FakeEtherealEdge,186
Snowboard,Kitchen & Dining,FakeZenithStyle,814
Plant Pot,Home & Furniture,FakeUrbanGlow,752
Snowboard,Outdoor & Garden,FakeEtherealEdge,180
Action Figure,Outdoor & Garden,FakeVelvetVista,167
Fire Pit,Outdoor & Garden,FakeVelvetVista,734
Wetsuit,Pets,FakeEtherealEdge,241
Keyboard,Sports & Recreation,FakeVelvetVista,232
Bicycle,Sports & Recreation,FakeVelvetVista,723
Cooler,Health & Fitness,FakeLuxeAura,476
Headphones,Home & Furniture,FakeVelvetVista,232
Tablet,Outdoor & Garden,FakeEtherealEdge,790
Trekking Poles,Electronics,FakeUrbanGlow,189
Sewing Machine,Home Appliances,FakeLuxeAura,651
Water Filter,Outdoor & Garden,FakeUrbanGlow,640
Snow Shovel,Electronics,FakeEtherealEdge,703
Memory Card,Pets,FakeZenithStyle,268
Fish Food,Pets,FakeUrbanGlow,300
Wi-Fi Extender,Home Appliances,FakeLuxeAura,774
Golf Clubs,Outdoor & Garden,FakeEtherealEdge,126
Treadmill,Toys & Games,FakeZenithStyle,985
Ice Skates,Home & Furniture,FakeZenithStyle,752
Doll,Pets,FakeZenithStyle,660
Camping Chair,Toys & Games,FakeEtherealEdge,869
Sleeping Pad,Outdoor & Garden,FakeLuxeAura,549
Game Console,Arts & Crafts,FakeZenithStyle,235
Craft Kit,Health & Fitness,FakeEtherealEdge,290
Golf Clubs,Outdoor & Garden,FakeVelvetVista,848
Bicycle,Kitchen & Dining,FakeZenithStyle,292
Memory Card,Kitchen & Dining,FakeLuxeAura,772
Water Filter,Kitchen & Dining,FakeLuxeAura,765
Hair Dryer,Kitchen & Dining,FakeVelvetVista,139
Dart Board,Home & Furniture,FakeUrbanGlow,606
Bed,Outdoor & Garden,FakeUrbanGlow,753
Bicycle,Kitchen & Dining,FakeUrbanGlow,280
Mattress,Home Appliances,FakeZenithStyle,592
Oven,Outdoor & Garden,FakeEtherealEdge,595
Router,Pets,FakeZenithStyle,416
Hair Dryer,Toys & Games,FakeZenithStyle,749
Smart Doorbell,Health & Fitness,FakeLuxeAura,593
Dehumidifier,Arts & Crafts,FakeVelvetVista,560
Binoculars,Toys & Games,FakeLuxeAura,300
Art Supplies,Outdoor & Garden,FakeLuxeAura,192
Smart Light,Toys & Games,FakeVelvetVista,724
Portable Charger,Outdoor & Garden,FakeEtherealEdge,759
Drone,Electronics,FakeUrbanGlow,733
Aquarium,Home & Furniture,FakeLuxeAura,459
Game Console,Arts & Crafts,FakeLuxeAura,715
Elliptical,Home & Furniture,FakeEtherealEdge,138
Air Conditioner,Health & Fitness,FakeZenithStyle,508
Bluetooth Speaker,Kitchen & Dining,FakeZenithStyle,294
Juicer,Home & Furniture,FakeUrbanGlow,108
Home Security Camera,Home & Furniture,FakeZenithStyle,682
Monitor,Arts & Crafts,FakeZenithStyle,901
Projector,Toys & Games,FakeUrbanGlow,209
Oven,Outdoor & Garden,FakeEtherealEdge,128
Snowboard,Home & Furniture,FakeZenithStyle,679
Home Security Camera,Outdoor & Garden,FakeUrbanGlow,368
Tennis Racket,Home & Furniture,FakeUrbanGlow,741
Patio Furniture,Outdoor & Garden,FakeLuxeAura,724
Ping Pong Table,Home Appliances,FakeVelvetVista,150
Electric Kettle,Health & Fitness,FakeZenithStyle,697
Water Bottle,Arts & Crafts,FakeEtherealEdge,414
Badminton Set,Outdoor & Garden,FakeUrbanGlow,197
Electric Car,Home Appliances,FakeLuxeAura,368
Smart Thermostat,Electronics,FakeEtherealEdge,866
Soccer Ball,Home & Furniture,FakeVelvetVista,447
Game Console,Toys & Games,FakeLuxeAura,437
Mattress,Kitchen & Dining,FakeVelvetVista,964
Rain Jacket,Home & Furniture,FakeZenithStyle,824
Tarp,Home Appliances,FakeZenithStyle,696
Fan,Pets,FakeEtherealEdge,137
Printer,Home & Furniture,FakeZenithStyle,743
Dishwasher,Sports & Recreation,FakeEtherealEdge,951
Hair Dryer,Outdoor & Garden,FakeLuxeAura,792
Hammock,Pets,FakeEtherealEdge,304
Helmet,Kitchen & Dining,FakeEtherealEdge,720
